Date,Id,Name,Value,Flag
2024-08-01 10:00:00,1,Alice,23,true
2024-08-01 10:01:00,2,Bob,45,false
2024-08-01 10:02:00,3,Charlie,67,true
2024-08-01 10:03:00,4,David,89,false
2024-08-01 10:04:00,5,Eve,12,true
2024-08-01 10:05:00,6,Frank,34,false
2024-08-01 10:06:00,7,Grace,56,true
2024-08-01 10:07:00,8,Hannah,78,false
2024-08-01 10:08:00,9,Isaac,90,true
2024-08-01 10:09:00,10,Jack,21,false
2025-08-01 10:10:00,11,Karen,43,true
2024-08-01 10:11:00,12,Liam,65,false
2024-08-01 10:12:00,13,Mia,87,true
2024-08-01 10:13:00,14,Noah,34,false
2024-08-01 10:14:00,15,Olivia,56,true
2024-08-01 10:15:00,16,Paul,78,false
2024-08-01 10:16:00,17,Quinn,90,true
2026-08-01 10:17:00,18,Rachel,21,false
2024-08-01 10:18:00,19,Sam,43,true
2024-08-01 10:19:00,20,Tina,65,false
2024-08-01 10:20:00,21,Uma,87,true
2024-08-01 10:21:00,22,Victor,34,false
2024-08-01 10:22:00,23,Will,56,true
2024-08-01 10:23:00,24,Xena,78,false
2024-08-01 10:24:00,25,Yara,90,true
2024-08-01 10:25:00,26,Zach,21,false
2024-08-01 10:26:00,27,Amy,43,true
2024-08-01 10:27:00,28,Ben,65,false
2026-08-01 10:28:00,29,Carl,87,true
2026-08-01 10:29:00,30,Diana,34,false
